job_title,company_name,company_location,work_method,post_date,work_time,job_summary,job_url
Responsable Control de Gesti√≥n Categor√≠a,Grupo Nueva Pescanova,Greater Vigo Metropolitan Area,Hybrid,1 week ago,Full-time ¬∑ Mid-Senior level,"About the job
¬øEst√°s abierta/o a nuevos proyectos profesionales? ¬øBuscas formar parte de una gran multinacional con presencia en m√°s de 17 pa√≠ses que se encuentra en plena Transformaci√≥n Estrat√©gica & Digital? ¬øDisfrutas liderando y desarrollando equipos? ¬øLo tuyo es el control de gesti√≥n? Si has respondido que s√≠, sigue leyendo, esto te interesa.
Desde el Grupo Nueva Pescanova estamos buscando incorporar un Responsable de Control de Gesti√≥n de Categor√≠a como parte de la Direcci√≥n General de Finanzas y reportando al Responsable de Control de Gesti√≥n Categor√≠as, Jos√© Abeij√≥n.
No te diremos que el trabajo va a ser f√°cil, ya que formar parte de una compa√±√≠a en plena transformaci√≥n digital en 17 pa√≠ses no es sencillo. Pero vivir la transici√≥n y poder ser parte del cambio es un reto apasionante. Si hay que destacar algo, es que se trata de un proyecto ambicioso, vivir√°s la transici√≥n y podr√°s se parte del cambio. Sin olvidarnos de que compartir√°s tu tiempo con un gran equipo que trabaja de la mano d√≠a a d√≠a.
¬øCu√°les ser√°n tus principales funciones?

Llevar√°s a cabo la revisi√≥n de cierre de filiales del grupo.
Gestionar√°s y coordinar√°s del reporting mensual y presupuesto anual.
Analizar√°s KPI‚Äôs negocio, an√°lisis desviaciones versus presupuesto y an√°lisis financiero.
Realizar√°s informes / presentaciones para la toma de decisiones (a presentar al CFO del Grupo, Comit√© Ejecutivo y Consejo).
Dar√°s soporte a comit√©s trasversales de gesti√≥n de negocio (redes).
Participar√°s y liderar√°s proyectos de control de costes, medici√≥n de resultados, reporting, etc√©tera.
Definir√°s y realizar√°s el seguimiento de est√°ndares.

¬øCon qu√© nos gustar√≠a que contases?
Nos gustar√≠a que fueses graduado/a/ Licenciado/a en Ingenier√≠a, ADE, Contabilidad & Finanzas
o similar. Si cuentas con m√°ster en finanzas o contabilidad tambi√©n ser√° valorable.
¬øA nivel experiencia? Nos gustar√≠a que cuentes con al menos 4 a√±os de experiencia en Control de Gesti√≥n, preferentemente en Sector de la pesca, industria de la alimentaci√≥n o similar. Valoraremos experiencia en consultor√≠a o auditor√≠a.
Actualmente nos encontramos trabajando principalmente con SAP BPC, SAP BW, Excel y herramientas de BI. Por lo que necesitamos que la persona que se incorpore con nosotros
cuente con experiencia y nivel alto de Excel. En cuanto a SAP, nos gustar√≠a que haya trabajado con SAP BPC o SAP BW, pero si no cuentas con la experiencia nosotros nos encargaremos de formarte.
Qu√© buscamos a nivel soft? Buscamos un jugador de equipo, con capacidad para gestionar
equipos, con capacidad de influir y anal√≠tica, que potencie el desarrollo de los mismos y potencie sus habilidades, que sepa delegar pero sobre todo que le guste proponer y que sea una persona resolutiva.

¬øIngl√©s? S√≠, necesitamos que cuentes con un nivel solvente para comunicarte v√≠a mail, en calls o de manera presencial con equipos extranjeros. La lengua habitual ser√° el espa√±ol, por lo que necesitamos que est√©s acostumbrado a trabajar en este idioma.

¬øCu√°les ser√°n tus primeros pasos en la posici√≥n?
El primer mes realizar√°s un completo plan de onboarding con las diferentes √°reas de la compa√±√≠a,
llevaremos a cabo un traspaso de conocimiento y nos focalizaremos en la adaptaci√≥n corporativa.
¬øCon qu√© estar√°s a los tres meses de haberte incorporado?
A parte de las funciones descritas previamente, participar√°s en proyectos transversales al departamento como Noray (proyecto interno de definici√≥n, documentaci√≥n y optimizaci√≥n de procesos internos de la compa√±√≠a focalizados en el √°rea financiera), o el proyecto de product consting al que dar√°s soporte.
¬øCu√°l ser√° tu centro de trabajo?
Trabajar√°s en las oficinas centrales en Chapela a unos minutos de Vigo. Si bien nos gustar√≠a que
contases con disponibilidad para viajar. No ser√° de manera habitual, se realizar√°n un m√°ximo de dos viajes al a√±o a alguna de nuestras filiales.
En Grupo Nueva Pescanova somos conscientes de que las personas son el principal activo de nuestra compa√±√≠a, pero sobre todo de que nuestro equipo nos hace diferentes.
Nuestra forma de valorar a quienes hacen posible nuestros √©xitos cada d√≠a es hacer de Grupo Nueva Pescanova un lugar excelente de trabajo. Tenemos el compromiso de que nuestras personas sean los principales protagonistas y para ello ponemos a su disposici√≥n medidas que permitan conciliar la vida personal y familiar y adaptarnos a sus necesidades individuales.
En Nueva Pescanova apostamos por el talento de nuestros empleados y promovemos una cultura de aprendizaje basada en la formaci√≥n continua y desarrollo profesional.
Y para ello contamos con un interesante paquete de beneficios para nuestros trabajadores: Horario intensivo del 15 de Junio al 15 de septiembre de 8 a 14.30 y el resto del a√±o de 8 a 17h; Formaci√≥n a cargo de la compa√±√≠a, Retribuci√≥n flexible (seguro de salud, ticket restaurant, formaciones (idiomas, etc.)), comedor cofinanciado por la empresa (men√∫ 1,94‚Ç¨/d√≠a por trabajador), autob√∫s de empresa desde Vigo gratuito y teletrabajo (dos d√≠as a la semana de teletrabajo y tres en la oficina), entre otros.
Si te interesa conocer m√°s informaci√≥n sobre la posici√≥n y el proyecto de transformaci√≥n de la compa√±√≠a no dudes en inscribirte envi√°ndonos tu candidatura y CV actualizado.",https://www.linkedin.com/jobs/view/3432529362/?eBP=CwEAAAGF0Sv-R1vPRHW_2Guplw8mZ7BXWtuJ5fO-z5BwDKu2KrV6i9Dnf9l8vrn9_8vMaajJ7FFa72DmC1WZb8Yn6oSb64Pskv40iKWCJ-XjglJAh4Z9_pxTgyxQxG7wfqHueUIr6r7pOl26O_FkF4JRuC7IT--d_w8jlDxDeoQQXFHLXmygFWsPlbt7InM9vIZxSQIyVmiT593z6zhbr2CYIUEfB2aaH923i6ISuoyevTovePgVdoHAPPF1PgdIF-AWMr-p_44veciHiwprtXoFhZsEeV6SKyFbiV-_SwTtIvduu2IA8fGH-mxACUkH46SbKeNpDrITf1-UPsZWZ-uaqlq6GILeSWdDbhG0hSm7PM3Vf_oeovVxo2te88UGoTCRcQ&recommendedFlavor=ACTIVELY_HIRING_COMPANY&refId=9Uy8Ge6D1D6tpvO5J98%2FGg%3D%3D&trackingId=krkXA7VN4QUxg0Yeciq8%2BA%3D%3D&trk=flagship3_search_srp_jobs
Controller financiero estructuras y datos anal√≠ticos,NTT DATA Europe & Latam,Greater Madrid Metropolitan Area,Hybrid,1 week ago,Full-time ¬∑ Mid-Senior level,"About the job
NTT Data somos todas las personas que la formamos. Un equipo de m√°s de 139.000 profesionales, tan diverso c√≥mo diversos son los 50 pa√≠ses en los que estamos presentes y los diferentes sectores en los que desarrollamos nuestra actividad; telecomunicaciones, entidades financieras, industria, utilities, energ√≠a, administraci√≥n p√∫blica y sanidad.

¬øNuestra misi√≥n? Ofrecer soluciones tecnol√≥gicas, de negocio, estrategia, desarrollo y mantenimiento de aplicaciones, siendo un referente en consultor√≠a. Todo gracias a la colaboraci√≥n entre equipos, la calidad humana de nuestra gente y a que no nos conformamos con lo establecido, buscamos siempre la innovaci√≥n que nos acerca al futuro.

Nuestra esencia nos ha llevado a la vanguardia de la tecnolog√≠a, a romper paradigmas y a brindar las soluciones que realmente se corresponden a las necesidades de cada cliente. Nuestro talento nos ha hecho poder decir con orgullo que somos una de las 6 empresas TOP de tecnolog√≠as en el mundo.

Porque #Greattech, needs #GreatPeople, like you.

En NTT DATA y concretamente desde el departamento de Global Management Control buscamos un/a L√≠der de Controlling para la participaci√≥n en las tareas de organizaci√≥n y estructura de los datos financieros y su presentaci√≥n anal√≠tica, dentro de un equipo de en torno a ocho personas.


Funciones

Entendimiento, definici√≥n y configuraci√≥n de la actual estructura anal√≠tica de acuerdo con las necesidades de negocio. (Creaci√≥n de Cecos, nuevas sociedades, unidades de negocio, sectores, etc.)
Participaci√≥n en la elaboraci√≥n de informes que requieren intervenci√≥n manual.
Aseguramiento de la calidad de los datos de informes autom√°ticos y de su presentaci√≥n.
Participaci√≥n en la definici√≥n y pruebas de nuevos informes autom√°ticos y la evoluci√≥n de los informes existentes.
Participaci√≥n en la racionalizaci√≥n del n√∫mero de informes.
Colaboraci√≥n en el soporte a proyectos internos.
Soporte a los equipos de control de gesti√≥n local.
Entendimiento de indicadores anal√≠ticos.

Experiencia deseada:

15 a√±os de Experiencia en departamentos de finanzas ‚Äì Controlling, especialmente en empresas de ingenier√≠a o consultor√≠a.
Experiencia en definici√≥n y mantenimiento de sistemas informacionales como usuario.
Solido conocimiento en la operativa de reconocimiento de ingresos por grado de avance y sus indicadores principales (WIP, M√°rgenes, DSO‚Ä¶)
Valorable: Experiencia en empresas multinacionales.


Capacidades t√©cnicas:

Licenciado/a en administraci√≥n y direcci√≥n de empresas o similar.
Usuario avanzado de Excel y conocimientos del resto del paquete Microsoft Office.
Usuario de SAP.
Idiomas: Ingl√©s B2.

Capacidades funcionales:

Conocimiento en estructuras anal√≠ticas, centros de coste, cuenta de resultados, indicadores financieros.
Principios de contabilidad y financieros.


Habilidades requeridas:

Orientaci√≥n a calidad y resultados.
Trabajo en equipo.
Actitud positiva.
Buenas capacidades de comunicaci√≥n.
Mente anal√≠tica. Orientaci√≥n num√©rica.

Banda salarial:
35K- 45K En funci√≥n del conocimiento, la experiencia y la adecuaci√≥n al puesto.


En NTT Data creemos que toda persona es √∫nica y diferente y por ello apostamos por una cultura inclusiva que reconoce y valora la diversidad.
Trabajamos d√≠a a d√≠a para crear un entorno en el que podamos explorar, vivir y potenciar nuestra propia singularidad.

#WeAreAllUnique #YouMakeUsUnique",https://www.linkedin.com/jobs/view/3443754752/?eBP=JOB_SEARCH_ORGANIC&recommendedFlavor=ACTIVELY_HIRING_COMPANY&refId=9Uy8Ge6D1D6tpvO5J98%2FGg%3D%3D&trackingId=H78k8%2FoK5ScIU%2BVATBsZxQ%3D%3D&trk=flagship3_search_srp_jobs
CONTROLLER FINANCIERO,Kave Home,"Sils, Catalonia, Spain",On-site,10 hours ago,Full-time ¬∑ Associate,"About the job
En KAVE HOME somos una marca que, adem√°s de vender muebles y decoraci√≥n, tambi√©n nos dedicamos a inspirar a gente √∫nica e inconformista como nosotros.

Seguimos creciendo y actualmente necesitamos incorporar al equipo de Kave Home un/a CONTROLLER FINANCIERO que quiera formar parte de un equipo din√°mico, para un proyecto ambicioso en pleno proceso de crecimiento y expansi√≥n internacional.

Buscamos gente extraordinaria para retos extraordinarios. Estamos cambiando el sector del mueble, ¬ønos ayudas?

La persona seleccionada se responsabilizar√° del control contable, an√°lisis y reporting de las diferentes compa√±√≠as que forman parte del grupo. Sus principales funciones ser√°n:

Elaboraci√≥n de informes de reporting y propuesta de medidas correctivas en caso de desviaciones de presupuesto y/o plan estrat√©gico de la compa√±√≠a.
An√°lisis de KPI‚Äôs para la toma de decisiones por parte de la Direcci√≥n Financiera.
Gesti√≥n de cierres contables mensuales, trimestrales y anuales.
Elaboraci√≥n de la memoria anual.
Preparaci√≥n y soporte en los procesos de auditor√≠a anuales.
Soporte en tareas de Tesorer√≠a e impuestos.

A continuaci√≥n, te detallamos lo que buscamos en nuestro candidato/a ideal‚Ä¶

Imprescindible experiencia m√≠nima de 2 a√±os en Auditor√≠a.
Formaci√≥n universitaria (ADE, Econom√≠a, Contabilidad y Finanzas‚Ä¶). Valorable M√°ster en √°rea de Controlling.
Imprescindible nivel alto de ingl√©s.
Ofim√°tica: nivel avanzado.
Experiencia en sistemas ERP. Valorable Navision.
Excelentes habilidades organizativas y de gesti√≥n del tiempo.
Alta capacidad de trabajo en equipo, orientaci√≥n a resultados y visi√≥n de negocio.

¬øY qu√© ofrecemos?

¬°Incorporarte a una empresa que est√° transformando el mundo del mueble y la decoraci√≥n!
Formar parte de un proyecto ambicioso con grandes posibilidades de desarrollo y crecimiento profesional.
Disfrutar√°s de un espacio de trabajo √∫nico, con oficinas nuevas, di√°fanas y sostenibles.
Fruta disponible cada ma√±ana. Catering disponible + zona de cantina para comer.
Interesante retribuci√≥n en la que se incluye un plan de retribuci√≥n flexible (seguro de salud, tarjeta restaurante, tarjeta transporte y gastos guarder√≠a).
Gimnasio con posibilidad de acceso 24/7/365.

Suena bien, ¬øno? ¬°Te esperamos!",https://www.linkedin.com/jobs/view/3432998957/?eBP=JOB_SEARCH_ORGANIC&recommendedFlavor=ACTIVELY_HIRING_COMPANY&refId=9Uy8Ge6D1D6tpvO5J98%2FGg%3D%3D&trackingId=Y6in4htNkkBsnL7sBvnAYg%3D%3D&trk=flagship3_search_srp_jobs
CONTROLLER FINANCIERO SAP FI INGLES REMOTO,Krell Consulting,Spain,Remote,9 hours ago,Full-time ¬∑ Associate,"About the job
En Krell Consulting estamos buscando un CONTROLLER FINANCIERO SAP FI INGLES REMOTO, para importante cliente del sector banca.

‚Ä¢ Funciones: Controller financiero para dar soporte a Gravity (proyecto estrat√©gico del sector bancario):
o Monitoriza y analiza, diariamente, el progreso de ingresos/costes, √≥rdenes de trabajo
o Supervisa y analiza los m√°rgenes
o Supervisa y analiza el consumo real en comparaci√≥n con el consumo previsto en el modelo anal√≠tico o An√°lisis de desviaciones
o Validar el coste de ventas como parte del cierre de mes - Identifica y propone posibles mejoras en los procesos financieros

‚Ä¢ Tecnolog√≠as obligatorias:
SAP FI Finantial Accounting, Presupuestos, Control de Costes, Controlling

‚Ä¢ Ingl√©s: C1
‚Ä¢ Ubicaci√≥n: Teletrabajo",https://www.linkedin.com/jobs/view/3442948085/?eBP=JOB_SEARCH_ORGANIC&recommendedFlavor=ACTIVELY_HIRING_COMPANY&refId=9Uy8Ge6D1D6tpvO5J98%2FGg%3D%3D&trackingId=OnBhtHnUnKYi%2FyOfNWNKPg%3D%3D&trk=flagship3_search_srp_jobs
Controller Financiero (H/M/X),ManpowerGroup Espa√±a,"Madrid, Community of Madrid, Spain",On-site,10 hours ago,Full-time ¬∑ Mid-Senior level,"About the job
Desde la vertical de Finance de ManpowerGroup, seleccionamos para importante empresa del Sector de la Defensa un/a Controller Financiero para su sede en Madrid.

Funciones:

- Elaboraci√≥n y seguimiento de presupuestos y forecast.
- Elaboraci√≥n y revisi√≥n de los cierres mensuales y anuales, asegurando que se cumplan los requisitos del Grupo.
- Elaboraci√≥n del reporting mensual y trimestral de cara a la toma de decisiones estrat√©gicas para la direcci√≥n.
- Reporte y an√°lisis de P&L y Balance General.
- Gesti√≥n y control de costes.
- Preparaci√≥n y elaboraci√≥n de informes financieros.
- An√°lisis de desviaciones y b√∫squeda de medidas correctoras. Identificar riesgos y oportunidades financieras para la compa√±√≠a.

Requisitos:

- Grado en Administraci√≥n y Direcci√≥n de Empresas, Econom√≠a o similar.
- Al menos tres a√±os de experiencia en empresas del sector de la defensa.
- Nivel avanzado de Microsoft Excel.
- Capacidad para trabajar de forma aut√≥noma.
- Valorable experiencia previa trabajando con Navision o SAP.

Se ofrece:
Contrataci√≥n indefinida.
Participaci√≥n en el mayor proyecto industrial a nivel nacional.
Interesante paquete salarial.",https://www.linkedin.com/jobs/view/3446735713/?eBP=JOB_SEARCH_ORGANIC&recommendedFlavor=ACTIVELY_HIRING_COMPANY&refId=9Uy8Ge6D1D6tpvO5J98%2FGg%3D%3D&trackingId=He%2B6uAU%2F0B7nxaUNyxi8Jg%3D%3D&trk=flagship3_search_srp_jobs
Financial Controller & Data Analytics Expert,Sofinco Espa√±a,"Madrid, Community of Madrid, Spain",Hybrid,1 week ago,Full-time ¬∑ Associate,"About the job
* IMPRESCINDIBLE ADJUNTAR CV

¬øTe imaginas una financiera transparente, que fuera responsable y explicara perfectamente sus productos, sin dejar lugar a dudas? Ser√≠a genial, ¬øverdad? Pues as√≠ es Sofinco, la nueva financiera responsable y transparente.
Sofinco es la entidad en Espa√±a que pertenece al Grupo Cr√©dit Agricole Consumer Finance, l√≠der europeo en cr√©dito al consumo y nuestros valores son la base de c√≥mo hacemos las cosas: Innovaci√≥n, Esp√≠ritu de Equipo, Cercan√≠a y Compromiso. ¬°Por ello y por mucho m√°s hemos sido certificados por Great Place to Work en 22!

Your main mission would be to maximize return on financial assets by establishing financial policies, procedures, controls, and reporting systems. Support the financial monitoring of the company.

Main Activities and Tasks:
Provides status of the financial condition and prepare special reports by collecting, interpreting, and reporting financial data
Build profitability models and contribute to monitor and optimize business margins
Prepares budgets in relation with the different departments of the company
Help the company to achieve its budget objectives establishing financial forecasts, analyzing variances, initiating corrective actions. Cost control focused.
Support the monitoring of the company, performing periodic or specific financial reporting to the Executive Committee and the different shareholders of the company
Support transversal projects with their financial dimension
Protects assets by establishing, monitoring, and enforcing internal controls

Requirements:
Degree in Economics, Business Administration, Mathematics, Statistics, Engineer and similar areas
Minimum 3 years in similar functions in Financial Institutions (EC, EFC, Payments,‚Ä¶)
Fluent English (written and spoken)
Proven working experience as a Financial controller or Financial Analyst

Tools and Resources:
Microsoft Office (Expert level in Excel), VBA
ORACLE ERP & EPM (Financial Reporting Center)
Qlik View
PowerBI

Skills
Excellent interpersonal skills
High working capability and flexible in daily workload. Ability to manage priorities in a context of tight deadlines.
Team spirit
Dynamism, proactivity and a strong spirit of initiative
Strong sense of responsibility, organization, rigor and quality of work

¬øQu√© te ofrecemos?:
Contrato indefinido con salario competitivo.
Ser parte de una empresa joven y, a la vez, de un gran Grupo internacional, con una cultura basada en la cercan√≠a y en el trabajo en equipo.
¬°Entrar en una empresa que es un Great Place to Work! ¬°Te dar√°s cuenta desde el primer momento!
Beneficios sociales: tarjeta restaurante, seguro de salud, seguro de vida, ayuda para la educaci√≥n de tus hijos‚Ä¶
Horario flexible y modelo h√≠brido de teletrabajo.
25 d√≠as de vacaciones anuales.
Retribuci√≥n flexible para tickets guarder√≠a, tarjeta transporte y formaci√≥n.
Un gran cat√°logo con formaci√≥n permanentemente actualizada: en idiomas, regulatoria, formaci√≥n interna para que conozcas qu√© hacen otras √°reas, interesantes descuentos por ser parte de Sofinco en Masters y cursos especializados‚Ä¶
Ser parte de una empresa socialmente responsable, que promueve la igualdad de oportunidades para todos, colaborando con ONGs y con asociaciones, concienciada con el cambio clim√°tico e involucrada en proyectos √∫nicos que aportan valor a la sociedad.

Sofinco es una empresa comprometida con la igualdad a todos los niveles y con la diversidad, El proceso de selecci√≥n de Sofinco se basa en la igualdad, evaluando cada candidatura con criterios objetivos basados en la experiencia, formaci√≥n, habilidades y competencias, sin que medie ninguna discriminaci√≥n por raz√≥n de sexo, edad, raza, etc.

*IMPRESCINDIBLE ADJUNTAR CV*",https://www.linkedin.com/jobs/view/3443496730/?eBP=JOB_SEARCH_ORGANIC&recommendedFlavor=ACTIVELY_HIRING_COMPANY&refId=9Uy8Ge6D1D6tpvO5J98%2FGg%3D%3D&trackingId=QSa3wREYkZQLfhEY7H7b1w%3D%3D&trk=flagship3_search_srp_jobs
Controller Financiero,Hays,"Alicante, Valencian Community, Spain",On-site,2 days ago,Full-time ¬∑ Mid-Senior level,"About the job
Desde Hays estamos en b√∫squeda de un Controller Financiero para empresa multinacional en Alicante para formar parte de un proyecto solvente que ofrece proyecci√≥n internacional e incorporaci√≥n inmediata.


¬øQu√© funciones desarrollar√≠as?
Consolidaci√≥n de P&L y Balance de las empresas del Grupo.
Presupuestos anuales y seguimiento de su cumplimiento.
An√°lisis de cashflow, working capital‚Ä¶
An√°lisis de centros de coste, gastos, control de desviaciones y gesti√≥n de desviaciones.
Seguimiento de los procedimientos de control interno.
Optimizaci√≥n de sistemas de informaci√≥n.
Forecast

¬øQu√© requisitos debes cumplir?
Formaci√≥n en ADE, Econ√≥micas o similar.
Nivel alto de Ingl√©s.
Valorable experiencia en Big4.
Experiencia en Consolidaci√≥n y Reporting.

¬øTe interesa?
Si a priori te encaja y quieres saber m√°s acerca de este proyecto tan interesante... ¬°no dudes en inscribirte en la oferta para poder contemplar tu candidatura!",https://www.linkedin.com/jobs/view/3430052327/?eBP=JOB_SEARCH_ORGANIC&recommendedFlavor=ACTIVELY_HIRING_COMPANY&refId=9Uy8Ge6D1D6tpvO5J98%2FGg%3D%3D&trackingId=NMYwPldBL931Bk0Vq8NHSw%3D%3D&trk=flagship3_search_srp_jobs
Controller financiero,ENGIE Espa√±a,"Madrid, Community of Madrid, Spain",Hybrid,1 week ago,Full-time ¬∑ Associate,"About the job
ENGIE, grupo multinacional capaz de liderar la transici√≥n energ√©tica con sus servicios y soluciones eficientes e innovadoras, busca incorporar un Controller Financiero JUNIOR

Funciones a Desempe√±ar:

Colaborar con el Controlling Manager en:

Gesti√≥n de la cuenta de resultados contable: supervisi√≥n de los cierres mensuales y anuales; y gesti√≥n de cuenta de resultados anal√≠tica: an√°lisis de los m√°rgenes por producto/cliente.
Colaboraci√≥n con el Manager en la elaboraci√≥n de reportes e indicadores de gesti√≥n. Velar por la calidad de la informaci√≥n participando activamente en la creaci√≥n de cuadros de mando.
Control y supervisi√≥n de los gastos de explotaci√≥n.
Supervisi√≥n del balance y control del Mayor.
Monitorizaci√≥n de indicadores de caja y rentabilidad (cash flow, deuda neta, ROCE, etc). Elaboraci√≥n de reportes de tesorer√≠a y cash-flow, del presupuesto anual y del avance de cierre.
Interlocuci√≥n directa con los clientes y proveedores.
Control para asegurar el cumplimiento de los criterios contables y los procedimientos internos de la compa√±√≠a.

Requisitos:

Ingl√©s nivel avanzado (C1). Valorable segundo idioma, preferiblemente franc√©s.
Formaci√≥n universitaria en ADE, Econ√≥micas, Ingenier√≠a con especialidad organizacional, o similar.
Muy valorable estar en posesi√≥n de un MBA, as√≠ como certificaciones reconocidas en materia de control de gesti√≥n.
Valorable 3-5 a√±os de experiencia como Controller, preferiblemente en empresa de Sector Energ√≠a.
Dominio de Excel. Muy valorable conocimientos en otras herramientas t√©cnicas financieras y de reporting como PowerBI. As√≠ como tambi√©n en otras herramientas de BI (Microstrategy, QlikView, VisualBasic, etc.).
Experiencia en SAP muy valorable. Valorable conocimientos de lenguajes de programaci√≥n (SQL, Python, etc).",https://www.linkedin.com/jobs/view/3440569285/?eBP=JOB_SEARCH_ORGANIC&recommendedFlavor=IN_NETWORK&refId=9Uy8Ge6D1D6tpvO5J98%2FGg%3D%3D&trackingId=oBgGas3VW4X2IjQWPwkGow%3D%3D&trk=flagship3_search_srp_jobs
Business Controller Junior (Bilbao),Cuatrecasas,"Bilbao-Bilbo, Basque Country, Spain",Hybrid,3 weeks ago,Full-time ¬∑ Mid-Senior level,"About the job
En Cuatrecasas buscamos a un/a controller junior con aproximadamente 2-4 a√±os de experiencia en un departamento de Control de gesti√≥n, Auditor√≠a, Finanzas o puestos similares, que se incorpore a nuestra oficina de Bilbao.

La persona se integrar√° de forma activa en el equipo de Control de Gesti√≥n, cuyo objetivo es elaborar, gestionar y analizar la informaci√≥n de ingresos y gastos de los grupos (unidades de negocio) y los diferentes KPI's de negocio para reportar, ver tendencias y proponer nuevas estrategias. El grupo ejerce una funci√≥n muy importante dentro de la organizaci√≥n asesorando a los diferentes grupos de la firma.

FUNCIONES
Hacer seguimiento de los objetivos de facturaci√≥n y su proceso productivo.
Planificar y valorar el trabajo en curso.
Dar apoyo en la elaboraci√≥n de informes econ√≥micos y de gesti√≥n a los controllers. Dar soporte en la presentaci√≥n de reports diarios, mensuales, trimestrales y anuales.
Ayudar en la creaci√≥n de nuevos indicadores, que permitan controlar y hacer seguimiento de todos los procesos.

REQUISITOS
Formaci√≥n en ADE, Economia o similar. Muy valorable tener o estar cursando un M√°ster.
Experiencia entre 2 y 3 a√±os en un puesto similar (departamento de control de gesti√≥n, auditoria, finanzas)
Nivel alto de ingl√©s
Conocimientos avanzados de Excel. Valorable conocimientos de Power BI y SAP
Perfil internacional en constante evoluci√≥n y aprendizaje, capaz de trabajar en un entorno flexible, colaborativo, 3.0 y multidisciplinar.
Profesional capaz de generar y compartir nuevos conocimientos demostrando sensibilidad a las necesidades de negocio y en b√∫squeda continua de la eficiencia y la excelencia.

COMPETENCIAS
Capacidad de an√°lisis.
Trabajo en equipo y flexibilidad para adaptarse.
Proactividad y anticipaci√≥n.
Comunicaci√≥n fluida.
Alto grado de organizaci√≥n y comunicaci√≥n.",https://www.linkedin.com/jobs/view/3426543295/?eBP=JOB_SEARCH_ORGANIC&recommendedFlavor=ACTIVELY_HIRING_COMPANY&refId=9Uy8Ge6D1D6tpvO5J98%2FGg%3D%3D&trackingId=EJj6Ql0M0lJSH9VnVcaYjw%3D%3D&trk=flagship3_search_srp_jobs
Controller Financiero,Hays,"Logro√±o, Autonom√≠a de La Rioja, Spain",On-site,2 days ago,Full-time ¬∑ Mid-Senior level,"About the job
Importante empresa multinacional del SECTOR INDUSTRIAL precisa incorporar un Controller Financiero para su planta ubicada en Logro√±o.


Reportando a la Direcci√≥n Financiera tu funciones ser√°n:

Proporcionar informaci√≥n financiera, an√°lisis y apoyo a las distintas partes interesadas
Preparar materiales y dirigir discusiones para todas las partes financieras de las reuniones de revisi√≥n de la planta.
Coordinar la preparaci√≥n, el desarrollo y la revisi√≥n del presupuesto/previsiones de la planta con la direcci√≥n
Coordinar la preparaci√≥n y presentaci√≥n de proyectos de gastos de capital de la planta para su revisi√≥n y aprobaci√≥n por parte de la gerencia
Establecer, monitorear y hacer cumplir los controles internos y asegurar su cumplimiento. Desarrollar y revisar las conciliaciones de cuentas del balance general de la planta designada
An√°lisis financiero completo para monitorear los costos y la posici√≥n financiera en √°reas clave
Analizar el estado de resultados de la planta y las transacciones de inventario para identificar problemas, informar sobre el rendimiento e impulsar la mejora continua
Actividades diarias, semanales y de fin de mes seg√∫n sea necesario para garantizar un proceso de cierre completo, preciso y oportuno
Supervisa el rendimiento del capital de trabajo y el flujo de efectivo
Garantizar que las directrices y pol√≠ticas contables pertinentes (USGAAP y Contabilidad estatutaria) se apliquen de forma adecuada y coherente
Realizar auditor√≠as externas e internas anuales

¬øQu√© perfil buscamos?
Buscamos un perfil con titulaci√≥n superior en ADE o econ√≥micas, experiencia en Departamento Financiero (~3 a√±os) o auditor√≠a. Conocimientos en manejo de ERPs ‚Äì SAP y excel. Nivel alto de ingl√©s, habituado a reportar y trabajar con el idioma. Imprescindible ser una persona proactiva y con dinamismo en la propuesta de mejoras, habituado/ a trabajo en equipo y total orientaci√≥n al cliente, al logro y a la mejora.",https://www.linkedin.com/jobs/view/3412714104/?eBP=JOB_SEARCH_ORGANIC&recommendedFlavor=ACTIVELY_HIRING_COMPANY&refId=9Uy8Ge6D1D6tpvO5J98%2FGg%3D%3D&trackingId=wZOWMyciRhQWRl6B6VtbbQ%3D%3D&trk=flagship3_search_srp_jobs
Controller,BNP Paribas,"Madrid, Community of Madrid, Spain",Hybrid,2 days ago,Full-time ¬∑ Mid-Senior level,"About the job
MISSION AND OBJECTIVES

The main objective of the Cost Monitoring unit is to support the Oxygen Managers understanding their costs and assisting them in the definition of their Forecast/ Budget.
The team is also the owner of the re-invoicing process, being the SPOC of the Oxygen beneficiaries. Additionally, the team will be in charge of identifying and implementing some smart saving initiatives

MAIN RESPONSIBILITIES

Costs and budget definition & control, in partnership with People Matter
Control, Assist and Report the actual expenses figures to the Oxygen Management and beneficiaries (re-invoicing)
Participate to the analysis of the Oxygen Transformation initiatives
Identify and Implement Smart Saving initiatives

REQUIREMENTS
Business school, University Graduate, Master Degree in Accounting, Finance or Engineering Degree.
3-6 years of experience in Finance within the Banking sector (Financial Accounting, Reporting, Business/financial analysis), including audit and consultancy firms.
Experience of working in international environment appreciated.
Fluent in English is mandatory and French is a plus.
Analytical skills, ability to prioritize, strong analytical mindset, curious and deadlines respect.
Communication skills (good interpersonal communication, teamwork and adaptability).
Proficient in Microsoft Office Suite (Excel, PowerPoint, Word), and knowledge in BI tools (Alteryx and/ or Power BI) will be a plus.
Diversity and Inclusion commitment
BNP Paribas Group in Spain is an equal opportunity employer and proud to provide equal employment opportunity to all job seekers. We are actively committed to ensuring that no individual is discriminated against on the grounds of age, disability, gender reassignment, marriage or civil partnership status, pregnancy and maternity/paternity, race, religion or belief, sex or sexual orientation. Equity and diversity are at the core of our recruitment policy because we believe that they foster creativity and efficiency, which in turn increase performance and productivity. Therefore, on equal terms of qualifications and competencies for the position, the candidate of the underrepresented sex at that level shall have access to the position. We strive to reflect the society we live in, while keeping with the image of our clients.",https://www.linkedin.com/jobs/view/3440706377/?eBP=JOB_SEARCH_ORGANIC&recommendedFlavor=IN_NETWORK&refId=9Uy8Ge6D1D6tpvO5J98%2FGg%3D%3D&trackingId=R2p5H5Hs%2FQhhHrJuIWmQTg%3D%3D&trk=flagship3_search_srp_jobs
Controller Financiero,Grupo aFinance,"Barcelona, Catalonia, Spain",On-site,1 day ago,Full-time ¬∑ Associate,"About the job
¬øQui√©nes somos?

El Grupo aFinance es una consultora inmobiliaria y financiera que tiene como principal actividad la intermediaci√≥n de activos inmobiliarios y financieros. Con oficinas en Barcelona, Madrid, Valencia y Mallorca y con un ambicioso plan de crecimiento en todo el territorio espa√±ol, llevamos m√°s de 15 a√±os revolucionando el sector inmobiliario y financiero.

Actualmente estamos buscando incorporar un/a Controller Financiero, para nuestra oficina ubicada en Barcelona reportando directamente a direcci√≥n general.

¬øCu√°l ser√° tu misi√≥n?

Control de flujo de caja
Creaci√≥n del balance score card y seguimiento del ajuste de las desviaciones del forecast.
Control de cuentas de explotaci√≥n.
Responsable de pagos y cobros.
Di√°logo activo con las entidades bancarias, asesores legales, fiscales y auditores.
Reporting financiero de los proyectos.
An√°lisis de inversiones.
Elaboraci√≥n KPIS.
Velar por el cumplimiento de la normativa legal.
Riesgo de cr√©dito a clientes y proveedores.
Elaboraci√≥n de planes financieros de riesgo.
Variaciones de precios de construcci√≥n.


¬øQu√© valor a√±adido te podemos aportar?

Lo primero son las personas
Formaci√≥n continua y plan de carrera a tu medida
Contrato indefinido
Salario competitivo y plan de remuneraci√≥n flexible
Desayunos corporativos
23 d√≠as laborables de vacaciones
Flexibilidad horaria

¬øQu√© buscamos?

Licenciatura ADE, Econ√≥micas, similar
M√°ster Business Analytics, Data Analytics...
+5 a√±os de experiencia demostrable en Contabilidad y Administraci√≥n.
Experiencia dentro del sector inmobiliario, financiero y/o fondos de inversi√≥n
Nivel avanzado en excel y usuario resto de programas del paquete office.
Capacidad anal√≠tica y de adaptaci√≥n, proactividad, trabajo en equipo; persona met√≥dica, resolutiva y organizada

Si eres el candidato/a ideal no dudes en aplicar a la oferta. ¬°Estamos deseando conocerte!",https://www.linkedin.com/jobs/view/3440172977/?eBP=JOB_SEARCH_ORGANIC&recommendedFlavor=IN_NETWORK&refId=9Uy8Ge6D1D6tpvO5J98%2FGg%3D%3D&trackingId=g4Lz4HnaMnICxtgiYbtckA%3D%3D&trk=flagship3_search_srp_jobs
Business Controller,Ravent√≥s Codorn√≠u,"Sant Sadurn√≠ d'Anoia, Catalonia, Spain",Hybrid,1 day ago,Full-time ¬∑ Associate,"About the job
¬°Somos la Start Up centenaria! Y ‚Ä¶ te estamos buscando üòä

Como Business Controller ser√°s el encargado del seguimiento del presupuesto y analizar las desviaciones que puedan surgir, garantizando en todo momento la fiabilidad de los datos y proporcionando soporte a los distintos departamentos.

¬øQuiere saber m√°s sobre nosotros?
Nuestro prop√≥sito, dar valor a la tierra.
Oficinas en un entorno emblem√°tico, con una arquitectura modernista y un producto que hacen de ello un match de ensue√±o.
Modelo h√≠brido trabajo (3/2)
Nuestros valores: H3O.
Ahora es cuando te preguntas ¬øQu√© es H3O? ‚Ä¶ H3O se ser honesto, humilde, humano y muy OSADO.

¬øQuieres conocer m√°s sobre la posici√≥n? Sigue leyendo üòä

Sobre tu d√≠a a d√≠a ¬øQu√© har√°s?

Coordinar el proceso de elaboraci√≥n del presupuesto por parte de los departamentos bajo su control, recibir los datos presupuestarios y analizar su coherencia (datos √≠nter grupo, mensualizaciones, razonabilidad, etc.), y una vez aprobados revisar su carga correcta en SAP.
Controlar la gesti√≥n presupuestaria del √°rea Comercial Nacional, con las dos sociedades que la componen, Raimat y Codorn√≠u √°rea nacional.
Analizar y reportar mensualmente la informaci√≥n relativa a dicha √°rea, analizando los resultados por delegaciones, las desviaciones (por delegaci√≥n, canal, convenio presupuesto, marca y tipo de marketing) y los gastos de distribuci√≥n y comerciales (por marcas, centros de coste y cuentas del Dpto. de marketing).
Establecer sistemas de control en el seguimiento de efectividad (a nivel num√©rico) de determinadas acciones de promoci√≥n.
Elaborar las previsiones de cierre.
Proporcionar soporte a la gesti√≥n presupuestaria de los departamentos facilitando la informaci√≥n necesaria, elaborando y manteniendo de forma fiable y a tiempo la informaci√≥n en Sap, y detectando y solucionando descuadres entre Ceco y Copa.
Realizar estudios puntuales y ad hoc seg√∫n las necesidades del √°rea bajo su control.
Optimizar los sistemas de informaci√≥n de gesti√≥n para que garanticen una informaci√≥n accesible, adecuada y fiable.
Participar en la definici√≥n y establecimiento de los indicadores de gesti√≥n del √°rea, implantarlos y realizar su seguimiento.
Participar en aquellos proyectos de compa√±√≠a en los que se requiera su colaboraci√≥n.

¬øQu√© buscamos?
Grado o licenciatura en ADE o similar. Valorable master
Ingl√©s avanzado.
Experiencia m√≠nima de 3/4 a√±os en puestos similares.
Experiencia en SAP.
Valorable conocimientos en Power BI",https://www.linkedin.com/jobs/view/3440099235/?eBP=JOB_SEARCH_ORGANIC&recommendedFlavor=ACTIVELY_HIRING_COMPANY&refId=9Uy8Ge6D1D6tpvO5J98%2FGg%3D%3D&trackingId=N52MNiemSej9z9hnsN9Xgw%3D%3D&trk=flagship3_search_srp_jobs
Controller finanzas,The Adecco Group,"Lli√ß√† d'Amunt, Catalonia, Spain",On-site,2 days ago,Full-time ¬∑ Entry level,"About the job
¬øAportas experiencia como Controller en departamentos de finanzas, industrial o rrhh? ¬øTe consideras una persona anal√≠tica, detallista y orientada a la mejora continua? ¬øTe gustar√≠a aportar todos tus conocimientos a la vez que desaf√≠as tus propias habilidades?
Olv√≠date de la monoton√≠a, en este puesto cada d√≠a es diferente y ninguno se parece al anterior, di adi√≥s al aburrimiento, aqu√≠ te enfrentar√°s cada d√≠a a nuevas situaciones, y t√∫ ser√°s quien ponga en marcha la mejor soluci√≥n para conseguir los resultados, sin duda todo lo que vas a aprender va a hacerte crecer personal y profesionalmente.
Tu misi√≥n en este puesto consistir√° en analizar los datos para desarrollar planes de mejora y dise√±ar estrategias para evitar las situaciones de crisis, optimizar y reducir costes financieros. Realizar un seguimiento de los costes de la compa√±√≠a teniendo en cuenta el presupuesto, las previsiones y los resultados de cada an√°lisis. Todo esto lo conseguir√°s llevando a cabo las siguientes funciones:
Elaborar√°s presupuestos anuales. Controlar√°s la gesti√≥n financiera de la empresa.
Coordinar√°s las auditor√≠as internas y creaci√≥n de informes.
Optimizar√°s los recursos e inversiones. Controlar√°s el riesgo conforme a los resultados.
Localizar√°s nuevas oportunidades econ√≥micas e introducir√°s mejoras.
Analizar√°s las acciones pasadas, con el objetivo de mejorar los resultados futuros.
Olv√≠date de buscar empleo, ya que se trata de una posici√≥n estable, directamente por empresa y una vacante afianzada.
Tu horario de trabajo ser√° de lunes a viernes 8:30 a 13:30 y de 15 a 18h en el centro de trabajo ubicado en Lli√ß√† d‚ÄôAmunt.
Salario (25-26k)
Si dispones de formaci√≥n en ADE, econ√≥micas, empresariales o similar y aportas experiencia de al menos 2 a√±os realizando funciones de controlling, an√°lisis de costes, presupuestos, informes financieros, presentaciones, etc, eres la persona que estamos buscando.
Ser√≠a ideal si aportaras un nivel avanzado en gesti√≥n de BBDD, Excel, Power BI, Acces, SAP o similar.
Si te consideras una persona anal√≠tica, que te gusta desarrollar oportunidades de negocio, con iniciativa, responsable, y que buscas un proyecto en el que crecer profesionalmente y trabajar en un ambiente y un entorno de trabajo inmejorable, no lo dudes,
¬°INSCR√çBETE AHORA!",https://www.linkedin.com/jobs/view/3441862486/?eBP=JOB_SEARCH_ORGANIC&refId=9Uy8Ge6D1D6tpvO5J98%2FGg%3D%3D&trackingId=YDEGvC4CTwoRb%2FCOKCWobw%3D%3D&trk=flagship3_search_srp_jobs
Controller (h/m),Luckia,Greater Bilbao Metropolitan Area,On-site,1 week ago,Full-time ¬∑ Mid-Senior level,"About the job
¬øQUIERES LAS COSAS CLARAS Y SENCILLAS?

LUCKIA es una empresa multinacional gallega del sector del juego tecnol√≥gico y presencial

üîé Buscamos:
CONTROLLER para nuestros casinos del Pa√≠s Vasco (Bilbao y San Sebasti√°n).
Un/a nuevo compa√±ero con disponibilidad para trabajar fisicamente en Bilbao o en San Sebastian (tu eliges üòâ)
Que tenga formaci√≥n finalizada en el √°rea financiera/econ√≥mica
Que sepa lo que es el mundo laboral. Con un poco de experiencia en an√°lisis de costes, desviaciones o informes.
Queremos gente con capacidad de comunicaci√≥n
Nos encantan las personas con ganas de ‚Äúcomerse el mundo‚Äù pero con inter√©s para aprender y paciencia para crecer.
Y pedimos, eso s√≠, de cara a tu futura evoluci√≥n dentro de la compa√±√≠a disponibilidad para cambiar de residencia.

üëã Ofrecemos:
Un puesto de trabajo estable, con un contrato indefinido.
Formaci√≥n continua para el desarrollo profesional pero tambi√©n para que crezcas personalmente y llegues a tu m√°ximo potencial.
Un ambiente de trabajo de los que te hacen desear ir a trabajar todos los d√≠as.

üëÄ Ya ves, claro y sencillo. As√≠ que, si te interesa... te estaremos esperando ¬°Si quieres empezar una ascendente carrera profesional pincha en el siguiente enlace:

https://jobs.luckiagaminggroup.com/job/SAN-SEBASTI%C3%81N-CONTROLLER-DE-CASINOS-%28HM%29-BILBAODONOSTIA/886525501/",https://www.linkedin.com/jobs/view/3440564037/?eBP=JOB_SEARCH_ORGANIC&recommendedFlavor=IN_NETWORK&refId=9Uy8Ge6D1D6tpvO5J98%2FGg%3D%3D&trackingId=WeiqbBhqe3pdiwWrFvoCEA%3D%3D&trk=flagship3_search_srp_jobs
Controller,Grupo Planeta,"Barcelona, Catalonia, Spain",On-site,5 days ago,Full-time ¬∑ Mid-Senior level,"About the job
En Grupo Planeta nos encontramos en la b√∫squeda de un/a Controller para nuestra divisi√≥n DeAPlaneta Entertainment - Kids & Family - https://www.deaplanetaentertainment.com/, quien ser√° responsable de:


Gesti√≥n y coordinaci√≥n cierres contables y reporting filiales Kids&Family.
Control gesti√≥n coproducciones Kids&Family y nuevos proyectos de la Divisi√≥n.
Colaboraci√≥n en reporting Divisi√≥n y optimizaci√≥n del cuadro de mando.

¬øQu√© ofrecemos?

Pertenecer a un equipo de expertos/as, donde todos aportamos y donde se respira muy buen ambiente de trabajo.
Contrato indefinido y jornada completa.
Descuentos y promociones exclusivas para nuestros empleados (masters y posgrados, sellos editoriales, coleccionables, Casa del Libro...)
Un atractivo paquete de beneficios sociales a trav√©s del plan de retribuci√≥n flexible que incluye: tarjeta transporte, tarjeta restaurante, cheque guarder√≠a, seguro m√©dico, etc.

Requisitos:

Licenciado en ADE, diplomado en empresariales o equivalente.
Experiencia m√≠nima de 3 a√±os realizando las funciones descritas.
Nivel fluido de ingl√©s (hablado y escrito) (m√≠nimo B2)
Capacidad y autonom√≠a para liderar proyectos.
Nivel avanzado de ofim√°tica.
Se valorar√°n conocimientos en control de producci√≥n de series animaci√≥n i/o ficci√≥n, as√≠ como su financiaci√≥n.",https://www.linkedin.com/jobs/view/3432940294/?eBP=JOB_SEARCH_ORGANIC&recommendedFlavor=ACTIVELY_HIRING_COMPANY&refId=9Uy8Ge6D1D6tpvO5J98%2FGg%3D%3D&trackingId=Xa%2Fvdyq2WUOZpFcKO0ZMsQ%3D%3D&trk=flagship3_search_srp_jobs
R&D Projects Controller,KERIONICS,"Valencia, Valencian Community, Spain",Hybrid,1 week ago,Full-time,"About the job
R&D Projects Controller

Kerionics is currently hiring an R&D Projects Controller.
The future of decarbonization could be in your hands by joining our team. Kerionics is developing high temperature electrolyzers and fuel cells stacks (SOEC-SOFC) for green hydrogen production and similar applications.
As a technological start-up, Kerionics stands between innovation and R&D, from the laboratory to mass production, with a strong participation in different public foundation programs to promote new technologies to the market
We are looking for someone experienced in managing publicly funded R&D projects.

MAIN RESPONSIBILITIES:
¬∑ Support the technical responsible Project Manager and management with ordinary reporting plus participation and support in financial matters in relevant meetings.
¬∑ Search for additional public funding programs.
¬∑ Stay up-to-date in the R&D funding landscape.
¬∑ Update of monthly forecast for individual R&D projects.
¬∑ Monthly consolidation of financial portfolio data.
¬∑ Preparation for yearly budget planning.
¬∑ Management and approval of purchase orders.
¬∑ Controlling of related CapEx and OpEx activities.
¬∑ Participation in Steering Commitee meetings.

OTHER TASKS:
¬∑ Participate in the business plan forecast.
¬∑ Assist the team in managing the purchasing process
¬∑ Develop systems to handle the scaling up of the company.

REQUIREMENTS
¬∑ Preferable demonstrable experience in managing R&D projects.
¬∑ Preferable a Masters / Bachelor Degree in engineering or economics.
¬∑ Knowledge of MS Office.
¬∑ High English level.
¬∑ Good Team player, strong written and oral communication skills.

#decarbonization #greenhydrogen #renewables",https://www.linkedin.com/jobs/view/3439804392/?eBP=JOB_SEARCH_ORGANIC&recommendedFlavor=ACTIVELY_HIRING_COMPANY&refId=9Uy8Ge6D1D6tpvO5J98%2FGg%3D%3D&trackingId=39mmQKqCBIwi%2FIUlPQhmGw%3D%3D&trk=flagship3_search_srp_jobs
Business Controller (H/M/X),Manpower Espa√±a,"Madrid, Community of Madrid, Spain",Hybrid,1 week ago,Full-time ¬∑ Mid-Senior level,"About the job
Desde Manpower Business Professionals estamos en b√∫squeda de un perfil Business Controller (H/M/X) para trabajar en una multinacional l√≠der en el sector electr√≥nica de consumo.

Funciones:

- Colaborar en la elaboraci√≥n del presupuesto anual, junto con el responsable de negocio.
- Analizar el plan financiero y contable de la unidad de negocio.
- Elaborar el plan mensual de informes del cuadro de mando.
- Colaborar en la gesti√≥n de tesorer√≠a y circulante de la unidad de negocio
- Controlar la gesti√≥n: Colaborar en el an√°lisis y control de indicadores clave de actividad, con el objetivo de identificar desviaciones.
- Elaborar propuestas de mejora.
- Gestionar plan de tesorer√≠a y de los fondos.
- Supervisar cuentas anuales de la empresa y cierres contables.
- Preparar el seguimiento del budget.
- Proporcionar soporte a la direcci√≥n financiera en la elaboraci√≥n de presupuestos, cierres, y estimaciones.
- Reportando a Direcci√≥n Financiera
Requisitos:
- Licenciatura/Diplomatura/Graduado ADE, Econ√≥micas, Empresariales.
- Valorable M√°ster en Direcci√≥n Financiera o equivalente.
- Nivel de ingl√©s alto.
- Experiencia de al menos 5 a√±os desarrollando las mismas funciones.
- Capacidad anal√≠tica.
- Orientaci√≥n a resultados.",https://www.linkedin.com/jobs/view/3434079855/?eBP=JOB_SEARCH_ORGANIC&recommendedFlavor=ACTIVELY_HIRING_COMPANY&refId=9Uy8Ge6D1D6tpvO5J98%2FGg%3D%3D&trackingId=5%2FEWQcK9tm5%2FiKxLLH81oA%3D%3D&trk=flagship3_search_srp_jobs
Controller,Mutua Madrile√±a,Greater Madrid Metropolitan Area,On-site,1 week ago,Full-time ¬∑ Associate,"About the job
En la gestora de Mutuactivos estamos buscamos un T√©cnico de Seguimiento de Negocio

Funciones:
‚Ä¢Realizar la preparaci√≥n, control y seguimiento de la informaci√≥n econ√≥mico financiera y de negocio de Mutuactivos para el reporting tanto interno, como externo
‚Ä¢Realizar el an√°lisis, control y seguimiento de gastos
‚Ä¢Participar en la elaboraci√≥n del presupuesto de Mutuactivos, recopilando la informaci√≥n de los diferentes √°reas, revisando, ajustando y validando los datos, integrando la informaci√≥n en bases de datos para su recuperaci√≥n peri√≥dica y preparando las plantillas de seguimiento presupuestario.
‚Ä¢Participar en la realizaci√≥n de otros proyectos en los que sea requerido tales como revisi√≥n y actualizaci√≥n de criterios contables, informes ad hoc sobre evoluci√≥n de las diferentes unidades de negocio, as√≠ como cualquier otro proyecto en el que sea requerido, con la finalidad de contribuir a la correcta ejecuci√≥n de dichos proyectos.
‚Ä¢Participaci√≥n, definici√≥n y seguimiento del Plan Estrat√©gico de Mutuactivos
‚Ä¢Continua colaboraci√≥n transversal con otras √°reas de la compa√±√≠a como SSII, Control de Gesti√≥n, Financiero, Auditoria interna, etc.


‚Ä¢Formaci√≥n acad√©mica: preferiblemente LADE, Licenciatura Econ√≥micas y/o similar
‚Ä¢Conocimiento del negocio patrimonial y de contabilidad
‚Ä¢Ofim√°tica: dominio de excel, as√≠ como power point y word
‚Ä¢Perfil competencial: orientaci√≥n al cliente, colaboraci√≥n transversal, trabajo en equipo, comunicaci√≥n, proactividad, toma de decisiones, planificaci√≥n y organizaci√≥n, capacidad anal√≠tica y aprendizaje continuo.

¬øTe unes a nuestro reto profesional?
Queremos conocerte.

Mutua es #ElLugarqueTeMereces

Aceptando suscribirse a esta oferta consiente el tratamiento de sus datos personales conforme a los t√©rminos y condiciones establecidos en: https://www.grupomutua.es/proteccion-de-datos/",https://www.linkedin.com/jobs/view/3431689414/?eBP=JOB_SEARCH_ORGANIC&recommendedFlavor=ACTIVELY_HIRING_COMPANY&refId=9Uy8Ge6D1D6tpvO5J98%2FGg%3D%3D&trackingId=yvnrzVj2InV1jl3x6d3B%2Bw%3D%3D&trk=flagship3_search_srp_jobs
Credit Controller - Intern,Fox Racing,"El Prat de Llobregat, Catalonia, Spain",Hybrid,1 day ago,Full-time,"About the job
COMPANY: FOX RACING EUROPE / We are the leader in MX ‚Äì MTB action sports world
JOB TITLE: Credit Controller Intern
DEPARTMENT: Finance REPORTS TO: Credit Control Manager
LOCATION: Barcelona EU HQ / Calle Canudas 13, Mas Blau, El Prat de Llobregat


Essential functions of this Role:
‚Ä¢ Account manager for the assigned European dealers sales ledgers
‚Ä¢ Assess risk / authorize credit on new account applications
‚Ä¢ Monitor / authorize release of daily orders
‚Ä¢ Chase debt via telephone or email
‚Ä¢ Liaise with customer services and sales team to resolve issues
‚Ä¢ Provide monthly report on overdue debt
‚Ä¢ Provide weekly orders held updates
‚Ä¢ Maintain the dealer data
‚Ä¢ Daily cash posting and allocation
‚Ä¢ Process credit card transactions
‚Ä¢ Process SEPA direct debit runs

General duties:
‚Ä¢ Process credit applications and assign credit limits informing customer services & sales rep of any change to credit limits
‚Ä¢ Establish payment plans for outstanding accounts within department guidelines
‚Ä¢ Issue daily receipts report
‚Ä¢ Discuss with sales rep, country manager and credit control manager before threatening any action against a dealer according to company policy
‚Ä¢ Provide sales force with feedback on credit limits, payment terms and payment history before pre book season
‚Ä¢ Review accounts to determine if orders outside credit terms can be released
‚Ä¢ Maintain account notes on SAP and make credit control manager aware of any issues
‚Ä¢ Send dealer statements / copy invoices on request

Minimum Education, Experience and Skills Required:
‚Ä¢ Driven and focused individual
‚Ä¢ Interpersonal skills and ability to work in dynamic environment
‚Ä¢ Ability to prioritize and manage multiple responsibilities
‚Ä¢ Excellent verbal and written communication skills
‚Ä¢ Able to handle pressure and use own initiative
‚Ä¢ Good knowledge of Microsoft office (familiar with SAP / Dunn & Bradstreet a plus)
‚Ä¢ Language skills ‚Äì Spanish, English

Here at Fox Racing, we offer a hybrid working module. The working hours are from Monday to Friday from 9am to 18pm. Tuesdays and Wednesdays are the official on-site days, the other days of the week can be remote working. If you are interested in the intern position, please send your request together with your CV in English to jobseurope@foxhead.com",https://www.linkedin.com/jobs/view/3433464032/?eBP=JOB_SEARCH_ORGANIC&recommendedFlavor=ACTIVELY_HIRING_COMPANY&refId=9Uy8Ge6D1D6tpvO5J98%2FGg%3D%3D&trackingId=OorP0%2Fp6HRm%2FoanFslFfew%3D%3D&trk=flagship3_search_srp_jobs
Controller de Negocio,Servinform,"Torrej√≥n de Ardoz, Community of Madrid, Spain",Hybrid,2 weeks ago,Full-time ¬∑ Mid-Senior level,"About the job
Servinform, somos una compa√±√≠a s√≥lida y en pleno crecimiento dedicada a los Servicios de BPO y Call Center. Actualmente la formamos m√°s de 9.000 profesionales que prestamos servicios a m√°s de 1.500 clientes conocidos tanto a nivel nacional como internacionalmente. Estamos especializados en Marketing Digital, Soluciones Tecnol√≥gicas, BPO, Comunicaciones, Ventas y Atenci√≥n al Cliente.

Actualmente la estructura de la compa√±√≠a est√° creciendo, por ello, seleccionamos un/a Controller de Negocio para desarrollar las siguientes funciones:

Colaborar en el dise√±o de la estrategia contable y control de los sistemas contables, de informaci√≥n y la planificaci√≥n y gesti√≥n de las estrategias y campa√±as empresariales.
Analizar, medir y prever las desviaciones. Controlar las estrategias definidas y proponer las correcciones oportunas.
Ayudar en el seguimiento de los cuadros de mandos y en la elaboraci√≥n de informes al comit√© de direcci√≥n.
Controlar el cumplimiento presupuestario y calcular la productividad y la rentabilidad de la empresa.
Realizar informes e indicadores clave convirtiendo los objetivos corporativos en par√°metros medibles para saber con exactitud los resultados obtenidos.
Colaborar en el programa de reporting a la direcci√≥n.
Colaborar en la elaboraci√≥n de presupuestos anuales y del plan de negocio de la empresa, apoyando mensualmente con reporting.
* Ofrecemos:

- Contrato estable

- Jornada de 9.00 a 18.30 de lunes a jueves y viernes de 9 a 15 h

- Salario a valorar en funci√≥n del perfil y sus competencias

- Ubicaci√≥n del puesto de Torrej√≥n de Ardoz (Pol. Industrial Casablanca)

**""Ning√∫n sector de nuestra sociedad puede ser entendido sin la igualdad entre hombres y mujeres, as√≠ como la integraci√≥n de las personas con discapacidad. Por eso, en Servinform enfocamos la igualdad y diversidad como un factor elemental para el progreso social, trabajando d√≠a a d√≠a para cumplir este objetivo.‚Äù


REQUISITOS M√çNIMOS:

-Experiencia al menos 3 o 4 a√±os en posici√≥n similar, aportando parte de ella en consultor√≠a (Big4).

-Formaci√≥n en econ√≥micas, administraci√≥n de empresas o similar.

-Ingles alto.

-Paquete office a nivel alto, en especial excel y powerpoint.

-Conocimientos altos de an√°lisis de datos con experiencia en alg√∫n sistema de gesti√≥n de la informaci√≥n tipo Power BI o similar. Muy valorable aportar Master en Big Data.

-Capacidad anal√≠tica y de organizaci√≥n muy alta.",https://www.linkedin.com/jobs/view/3432945634/?eBP=JOB_SEARCH_ORGANIC&recommendedFlavor=ACTIVELY_HIRING_COMPANY&refId=9Uy8Ge6D1D6tpvO5J98%2FGg%3D%3D&trackingId=zuUeDF2PqRA%2FcQk5KxIdFA%3D%3D&trk=flagship3_search_srp_jobs
Controller Financiero/a,Selection by Eurofirms,"El Prat de Llobregat, Catalonia, Spain",On-site,1 week ago,Full-time ¬∑ Associate,"About the job
Selection by Eurofirms somos una compa√±√≠a de selecci√≥n especializada donde buscamos el encaje de candidatos/as y empresas procurando el bienestar de las personas. Pertenecemos al Grupo Eurofirms, primera empresa nacional de gesti√≥n de personas.

Seleccionamos para una prestigiosa y reconocida empresa del sector industrial en El Prat de Llobregat una figura de Controller/ Analista Financiero.

En dependencia directa del Director Financiero de la Compa√±√≠a, el objetivo principal de la persona seleccionada ser√° generar, analizar y proveer de la informaci√≥n financiera relevante para la toma de decisiones, elaborando y consolidando datos y promoviendo planes de acci√≥n. Tambi√©n deber√° tener una presencia sobre el terreno para conocimiento de los procesos generadores de las informaciones.

Las funciones a desempe√±ar ser√°n:

- Control de Gesti√≥n Financiera, Cuadros de Mando y an√°lisis de KPI's, detectando evoluciones y tendencias.
- Elaboraci√≥n y control de presupuestos, as√≠ como an√°lisis de las desviaciones y medidas correctoras.
- An√°lisis de balances, ratios y riesgos para el reporte financiero a Direcci√≥n.
- Optimizaci√≥n de costes y an√°lisis de rentabilidades.
- Revisi√≥n de los cierres mensuales, asegurando que cumplan los requisitos del Grupo.

Requisitos:

- Grado/ Licenciatura en ADE, Econom√≠a, Ingenier√≠a, etc. Valorable M√°ster en Controlling.
- Experiencia de 3-4 a√±os en una posici√≥n con caracter√≠sticas similares.
- Idiomas: Ingl√©s nivel alto y/o Franc√©s nivel alto.
- Valorable estar habituado con alg√∫n programa/ERP (SAGE, AS400, SAP, etc.)

Se ofrece:
- Incorporaci√≥n a un Grupo consolidado a nivel internacional en un sector din√°mico y en pleno auge.
- Contrataci√≥n indefinida y un salario muy competitivo y atractivo.
- Horario Flexible de entrada/salida.
- Horario presencial de Lunes a Viernes de 9h a 14h y de 15:30h a 18:30h.",https://www.linkedin.com/jobs/view/3418838453/?eBP=JOB_SEARCH_ORGANIC&recommendedFlavor=ACTIVELY_HIRING_COMPANY&refId=9Uy8Ge6D1D6tpvO5J98%2FGg%3D%3D&trackingId=GaN0T1WoxTqGbKSXsKjaYg%3D%3D&trk=flagship3_search_srp_jobs
Payroll & Staff Cost Controller,Hogarth,"Madrid, Community of Madrid, Spain",Hybrid,8 hours ago,Full-time ¬∑ Mid-Senior level,"About the job
Hogarth Worldwide is the world‚Äôs leading creative content production company. Born to make the best work brilliantly, we combine craft, insight and technology to bring creative work to life for many of the world‚Äôs most famous brands.

We¬¥re currently looking for a Payroll & Staff Cost Controller to join our Madrid office.

What does a Payroll Controller do at Hogarth?

All tasks related to payroll management and KPMG service coordination.
Payroll and Staff cost accounting.
Control and cost management of HR area costs.
Budget control of staff costs.
Preparation of reports and reporting of the personnel area.

Job Requirements

Solid knowledge of the payroll area: payroll structure and calculate, payroll taxes and deductions, etc.
Solid knowledge of accounting. Must be able to post a payroll and perform the control of all accounting accounts related to the recording of payroll and staff costs.
Experience in managing these processes.
Experience in budget control and reporting in the HR area is also desirable.
High level of English is an asset.",https://www.linkedin.com/jobs/view/3434717180/?eBP=JOB_SEARCH_ORGANIC&recommendedFlavor=ACTIVELY_HIRING_COMPANY&refId=9Uy8Ge6D1D6tpvO5J98%2FGg%3D%3D&trackingId=0TExIZo3oyL7MzK7a1Qv3A%3D%3D&trk=flagship3_search_srp_jobs
Controller Financiero,F√∫tbol Emotion,"Zaragoza, Aragon, Spain",On-site,4 days ago,Full-time ¬∑ Mid-Senior level,"About the job
¬°Nuestro equipo de Finanzas crece! Si te gusta esta oportunidad, no dudes en postular!

Somos una empresa nacida en 2001 bajo el nombre de Soloporteros, con la intenci√≥n de proveer al guardameta de todo cuanto necesita para su puesto. Crecimos, abarcamos todo el material de f√∫tbol, y eso nos llev√≥ a renombrarnos a Futbol Emotion. Actualmente somos los l√≠deres en Espa√±a en venta de material de f√∫tbol online, enviamos desde FutbolEmotion.com pedidos a todo el mundo, y contamos adem√°s con 22 tiendas f√≠sicas. Nunca nos conformamos con el resultado: el partido no ha hecho m√°s que empezar. Sigue a nuestra empresa para estar informado de nuestras novedades.

¬øQuieres saber m√°s sobre nosotros? ¬°Echa un vistazo a aqu√≠!
üìå https://www.futbolemotion.com/

¬øQu√© har√°s en tu d√≠a a d√≠a?
Participaci√≥n en la elaboraci√≥n de las cuentas anuales de la empresa y en los procesos de su supervisi√≥n.
Apoyo en la elaboraci√≥n anual de los presupuestos, de su seguimiento peri√≥dico y del forecast.
Elaboraci√≥n de procedimientos de auditoria interna.
Garantizar el cumplimiento de las obligaciones tanto contables como fiscales. Para ello, debe conocer todas las novedades legales sobre fiscalidad.
Verificaci√≥n del cumplimiento de los objetivos fiscales, normas y procedimientos de la organizaci√≥n.
Detecci√≥n de errores, desviaciones y √°reas de mejora desde el punto de vista econ√≥mico.
Asegurar los cierres mensuales del grupo en tiempo y calidad: an√°lisis de desviaciones en ventas, m√°rgenes, control de costes, cash flow, working capital y KPIs de negocio, etc.
Implantaci√≥n de herramientas metodol√≥gicas e inform√°ticas de control de la actividad.
Optimizaci√≥n de los sistemas de informaci√≥n.
Elaboraci√≥n de informes de cierres mensuales y env√≠o de reportes e informes a la Direcci√≥n General de la empresa, filial o, en su caso, director Financiero de la central o casa matriz.
En ocasiones tambi√©n se encarga de la relaci√≥n y requerimientos de los auditores externos.
An√°lisis de las decisiones estrat√©gicas que toma la compa√±√≠a a la hora de realizar nuevas inversiones.
Servir de enlace entre la direcci√≥n de la empresa y el resto de los departamentos
Control de Gesti√≥n de las sociedades filiales y su adecuaci√≥n a las pol√≠ticas de grupo

¬øCu√°l es tu experiencia?
M√≠nimo 3 a√±os de experiencia en Controlling / Auditor√≠a Financiera / Finance Business Partnering.
Licenciado en Empresariales o Ingeniero, Econom√≠a o Administraci√≥n de Empresas.
Excelente capacidad de an√°lisis.
Profesional proactivo, aut√≥nomo y orientado a resultados.
Ingl√©s y espa√±ol fluido obligatorio.
Excel avanzado.


¬øQu√© ofrecemos?
‚ö°Contrato indefinido.
üèñÔ∏è 23 d√≠as laborables de vacaciones.
üë©‚Äçüíªüë®‚ÄçüíªHorario de trabajo flexible.
üìö Formaci√≥n continua
üí•Oportunidad de trabajar con un equipo altamente cualificado, disruptivo y joven.
‚ö°Cultura din√°mica, abierta, cercana y profesional
üìçEsquema Semipresencial de trabajo
üöÄ Ser parte de un grupo de empresas basadas en el ecosistema de las pasiones como nosotros, con gran proyecci√≥n de crecimiento (Somos parte del Grupo Tansley).",https://www.linkedin.com/jobs/view/3442959262/?eBP=JOB_SEARCH_ORGANIC&recommendedFlavor=ACTIVELY_HIRING_COMPANY&refId=9Uy8Ge6D1D6tpvO5J98%2FGg%3D%3D&trackingId=G0P07gE3MD1C3z8viiu06A%3D%3D&trk=flagship3_search_srp_jobs
